{
    "positions": [
        {
            "id": "74878e2f-274a-467c-bf13-e361148c5dcd",
            "ticker": "ITW",
            "direction": "LONG",
            "entry_date": "2026-01-20 12:14",
            "entry_price": 263.47,
            "status": "OPEN",
            "exit_date": null,
            "exit_price": null,
            "pnl_pct": 0.0,
            "current_price": 263.47,
            "strategy": "Sum Strategy",
            "notes": "1 giorno di ritardo"
        },
        {
            "id": "3a5de413-759f-4a98-8164-cb3a0ac650f7",
            "ticker": "RACE.MI",
            "direction": "SHORT",
            "entry_date": "2026-01-20 12:21",
            "entry_price": 290.1,
            "status": "OPEN",
            "exit_date": null,
            "exit_price": null,
            "pnl_pct": 0.0,
            "current_price": 290.1,
            "notes": "manuale short ",
            "strategy": "Sum Strategy"
        },
        {
            "id": "06644e89-11f3-4816-8b17-eb3bd073aeeb",
            "ticker": "JNJ",
            "direction": "LONG",
            "strategy": "Sum Strategy",
            "notes": "1 giorno di ritardo",
            "entry_date": "2026-01-20 12:39",
            "entry_price": 218.66,
            "status": "OPEN",
            "exit_date": null,
            "exit_price": null,
            "pnl_pct": 0.0,
            "current_price": 218.66
        },
        {
            "id": "bd6af10f-a522-4299-a921-22edf51cff9c",
            "ticker": "TTE.PA",
            "direction": "LONG",
            "strategy": "Sum Strategy",
            "notes": "",
            "entry_date": "2026-01-20 15:25",
            "entry_price": 56.66,
            "status": "OPEN",
            "exit_date": null,
            "exit_price": null,
            "pnl_pct": 0.0,
            "current_price": 56.66
        },
        {
            "id": "0310e1d5-ed02-4952-a620-371baebfd736",
            "ticker": "MUV2.DE",
            "direction": "SHORT",
            "strategy": "Sum Strategy",
            "notes": "manuale short",
            "entry_date": "2026-01-20 15:28",
            "entry_price": 521.8,
            "status": "OPEN",
            "exit_date": null,
            "exit_price": null,
            "pnl_pct": 0.0,
            "current_price": 521.8
        },
        {
            "id": "df750612-570c-4346-900a-fa2a09683d69",
            "ticker": "ANZ.AX",
            "direction": "LONG",
            "strategy": "Sum Strategy",
            "notes": "",
            "entry_date": "2026-01-20 15:31",
            "entry_price": 36.94,
            "status": "OPEN",
            "exit_date": null,
            "exit_price": null,
            "pnl_pct": 0.0,
            "current_price": 36.94
        }
    ]
}